﻿Designator,Footprint,Quantity,Value,LCSC Part #
"C1, C2, C20, C27",0805,4,0.1uF,
"C10, C11, C12, C13, C6, C7, C8",0805,7,10nF,
"C14, C17, C18, C19, C21, C26, C3, C4, C5",0805,9,1uF,
"C15, C24, C25",0805,3,100nF,
"C16, C22, C23",0805,3,1uF,
C28,0805,1,10uF,
C29,0805,1,0.1uF,
C9,0805,1,10nF,
"D1, D2, D3",0805,3,LED,
D5,D_SMA,1,SS24,
IC1,SOT95P280X145-6N,1,USBLC6-2SC6,
J1,Samtec_T1M-20-X-S-RA_1x20-1MP_P1.0mm_Terminal_Horizontal,1,Conn_01x20,
J2,USB_C_Receptacle_GCT_USB4105-xx-A_16P_TopMnt_Horizontal,1,USB_C_Receptacle_USB2.0_16P,
J4,JST_S2B-PH-SM4-TB_LF__SN_,1,S2B-PH-SM4-TB_LF__SN_,
"PT0, PT1, PT2, PT3, PT4, PT5, PT6, PT7",TRIM_TC33X-2-302E,8,TC33X-2-302E,
Q2,SSOT-3,1,FDN306P,
R1,0805,1,R,
"R10, R11, R14, R15, R3, R4, R6, R8",0805,8,100k,
R13,0805,1,1.1k,
R18,0805,1,3.5k,
"R20, R21, R28",0805,3,1.5k,
"R22, R24, R29, R31",0805,4,10k,
"R23, R30",0805,2,5.1k 1%,
R25,0805,1,1k,
R26,0805,1,10k,
R27,0805,1,2.0k,
RN1,R_Array_Concave_4x0603,1,10k,
SW1,SW_Push_SPST_NO_Alps_SKRK,1,RESET,
SW2,SW_Push_SPST_NO_Alps_SKRK,1,BOOT,
SW3,SW_Slide-03_Wuerth-WS-SLTV_10x2.5x6.4_P2.54mm,1,SW_Nidec_CAS-120A1,
TH1,thermistor_10k_NTC_SolderPad,1,Thermistor_NTC,
"TP1, TP10, TP11, TP12, TP13, TP14, TP15, TP16, TP2, TP3, TP4, TP5, TP6, TP7, TP8, TP9",TestPoint_Pad_D1.0mm,16,TestPoint_Alt,
U1,SOT-23-5,1,ME6211C33M5,
U2,TSSOP-24_6.1x7.8mm_P0.65mm,1,CD74HC4067M96,
U3,XDCR_LSM6DSO32TR,1,LSM6DSO32TR,
U4,SOT95P280X145-6N,1,~,
U5,XCVR_ESP32-C3-MINI-1-N4,1,ESP32-C3-MINI-1-N4,
U7,SON40P200X200X80-11N,1,BQ24040DSQR,
"U8, U9",custom,2,MCP6004-I_ST,
